,Topic ID,Argument ID,Discussion ID,Engine,Rank,args-id
0,1,1,33687,BM25F,1,1420e340-2019-04-18T13:12:04Z-00007-000
1,1,1,43727,BM25F,2,157796c-2019-04-18T13:44:25Z-00007-000
2,1,1,15397,BM25F,3,255646d7-2019-04-18T19:49:20Z-00005-000
3,1,21,19148,BM25F,4,None
4,1,20,19148,BM25F,5,None
5,1,7,44173,DPH,1,6a304d9c-2019-04-18T16:59:34Z-00004-000
6,1,1,8865,DPH,2,6702bd00-2019-04-18T17:57:26Z-00007-000
7,1,10,12801,DPH,3,f9097cbd-2019-04-15T20:24:10Z-00009-000
8,1,1,29931,DPH,4,556a5a0e-2019-04-18T13:53:42Z-00001-000
9,1,5,11158,DPH,5,b893461e-2019-04-18T15:07:31Z-00001-000
10,1,1,8865,DirichletLM,1,6702bd00-2019-04-18T17:57:26Z-00007-000
11,1,10,12801,DirichletLM,2,f9097cbd-2019-04-15T20:24:10Z-00009-000
12,1,1,29931,DirichletLM,3,556a5a0e-2019-04-18T13:53:42Z-00001-000
13,1,7,44173,DirichletLM,4,6a304d9c-2019-04-18T16:59:34Z-00004-000
14,1,5,21308,DirichletLM,5,85c7af39-2019-04-18T12:54:07Z-00007-000
15,1,1,43990,TF_IDF,1,9f22a9d6-2019-04-18T15:33:37Z-00005-000
16,1,70,9560,TF_IDF,2,None
17,1,1,44173,TF_IDF,3,6a304d9c-2019-04-18T16:59:34Z-00007-000
18,1,1,6608,TF_IDF,4,None
19,1,50,9560,TF_IDF,5,None
20,2,10,19421,BM25F,1,17fefda-2019-04-18T13:20:44Z-00000-000
21,2,2,19421,BM25F,2,17fefda-2019-04-18T13:20:44Z-00007-000
22,2,9,19421,BM25F,3,17fefda-2019-04-18T13:20:44Z-00002-000
23,2,4,14436,BM25F,4,b235f67a-2019-04-18T15:13:16Z-00004-000
24,2,1,14436,BM25F,5,b235f67a-2019-04-18T15:13:16Z-00005-000
25,2,1,16493,DPH,1,b567d7db-2019-04-18T12:55:48Z-00005-000
26,2,1,6221,DPH,2,b567d75f-2019-04-18T12:56:12Z-00005-000
27,2,1,30430,DPH,3,b567d7db-2019-04-18T12:55:48Z-00005-000
28,2,7,34474,DirichletLM,1,797b35ea-2019-04-18T14:50:47Z-00002-000
29,2,1,26112,DirichletLM,2,5beb1ab2-2019-04-18T12:54:20Z-00005-000
30,2,36,22207,DirichletLM,3,None
31,2,4,14436,DirichletLM,4,b235f67a-2019-04-18T15:13:16Z-00004-000
32,2,1,30348,DirichletLM,5,b567d838-2019-04-18T12:55:37Z-00005-000
33,2,10,19421,TF_IDF,1,17fefda-2019-04-18T13:20:44Z-00000-000
34,2,1,6221,TF_IDF,2,b567d75f-2019-04-18T12:56:12Z-00005-000
35,2,2,19421,TF_IDF,3,17fefda-2019-04-18T13:20:44Z-00007-000
36,2,8,19421,TF_IDF,4,17fefda-2019-04-18T13:20:44Z-00004-000
37,2,3,19421,TF_IDF,5,17fefda-2019-04-18T13:20:44Z-00005-000
38,3,5,35637,BM25F,1,c232aee7-2019-04-18T13:22:16Z-00006-000
39,3,1,8196,BM25F,2,b1a437ad-2019-04-18T13:04:58Z-00001-000
40,3,1,9761,BM25F,3,e6493c1b-2019-04-18T14:10:12Z-00007-000
41,3,2,8196,BM25F,4,b1a437ad-2019-04-18T13:04:58Z-00002-000
42,3,1,15274,BM25F,5,1042e8ce-2019-04-18T13:31:14Z-00002-000
43,3,2,41652,DPH,1,31bd8ba3-2019-04-18T12:58:02Z-00000-000
44,3,4,21655,DPH,2,3682d256-2019-04-18T13:37:27Z-00004-000
45,3,2,43417,DPH,3,225aac4b-2019-04-18T13:29:40Z-00004-000
46,3,1,21655,DPH,4,3682d256-2019-04-18T13:37:27Z-00003-000
47,3,3,39756,DPH,5,f34bcbed-2019-04-18T14:27:46Z-00000-000
48,3,6,33560,DirichletLM,1,b91d4292-2019-04-18T13:39:18Z-00008-000
49,3,2,41652,DirichletLM,2,31bd8ba3-2019-04-18T12:58:02Z-00000-000
50,3,2,43417,DirichletLM,3,225aac4b-2019-04-18T13:29:40Z-00004-000
51,3,3,39756,DirichletLM,4,f34bcbed-2019-04-18T14:27:46Z-00000-000
52,3,5,39756,DirichletLM,5,f34bcbed-2019-04-18T14:27:46Z-00000-000
53,3,4,43436,TF_IDF,1,c620c250-2019-04-18T13:13:59Z-00005-000
54,3,3,42627,TF_IDF,2,2f9c8c00-2019-04-18T13:07:25Z-00001-000
55,3,4,35182,TF_IDF,3,e61e60e2-2019-04-18T13:28:51Z-00003-000
56,3,1,13457,TF_IDF,4,5b164d38-2019-04-18T13:19:36Z-00003-000
57,3,6,42627,TF_IDF,5,2f9c8c00-2019-04-18T13:07:25Z-00001-000
58,4,5,43714,BM25F,1,5c1ef61f-2019-04-18T15:24:41Z-00007-000
59,4,1,26426,BM25F,2,61f8dce6-2019-04-18T16:30:14Z-00005-000
60,4,1,24917,BM25F,3,61f8dc89-2019-04-18T17:32:49Z-00003-000
61,4,8,43714,BM25F,4,5c1ef61f-2019-04-18T15:24:41Z-00001-000
62,4,5,22529,BM25F,5,dd22a5e1-2019-04-18T16:26:45Z-00005-000
63,4,5,43714,DPH,1,5c1ef61f-2019-04-18T15:24:41Z-00007-000
64,4,1,39326,DPH,2,133713bb-2019-04-18T19:02:54Z-00003-000
65,4,4,31294,DPH,3,b0e4b003-2019-04-18T14:15:43Z-00004-000
66,4,1,14843,DPH,4,633553a2-2019-04-18T15:04:50Z-00006-000
67,4,7,1409,DPH,5,33964227-2019-04-18T13:13:58Z-00006-000
68,4,4,31294,DirichletLM,1,b0e4b003-2019-04-18T14:15:43Z-00004-000
69,4,1,39326,DirichletLM,2,133713bb-2019-04-18T19:02:54Z-00003-000
70,4,4,34176,DirichletLM,3,3395c96c-2019-04-18T15:25:48Z-00002-000
71,4,1,31601,DirichletLM,4,6334dfa0-2019-04-18T16:32:19Z-00003-000
72,4,5,34176,DirichletLM,5,3395c96c-2019-04-18T15:25:48Z-00001-000
73,4,1,14843,TF_IDF,1,633553a2-2019-04-18T15:04:50Z-00006-000
74,4,1,26426,TF_IDF,2,61f8dce6-2019-04-18T16:30:14Z-00005-000
75,4,4,30657,TF_IDF,3,8d358e35-2019-04-18T14:45:58Z-00002-000
76,4,5,22529,TF_IDF,4,dd22a5e1-2019-04-18T16:26:45Z-00005-000
77,4,7,1409,TF_IDF,5,33964227-2019-04-18T13:13:58Z-00006-000
78,5,5,26338,BM25F,1,9f71c585-2019-04-18T19:02:47Z-00007-000
79,5,6,43487,BM25F,2,cea53ba4-2019-04-18T14:44:38Z-00004-000
80,5,4,11970,BM25F,3,7e60a5d4-2019-04-18T15:49:08Z-00005-000
81,5,1,11317,BM25F,4,173e9f20-2019-04-18T13:26:12Z-00003-000
82,5,5,11317,BM25F,5,173e9f20-2019-04-18T13:26:12Z-00001-000
83,5,6,43487,DPH,1,cea53ba4-2019-04-18T14:44:38Z-00004-000
84,5,5,17668,DPH,2,81901837-2019-04-18T17:55:43Z-00001-000
85,5,5,11970,DPH,3,7e60a5d4-2019-04-18T15:49:08Z-00003-000
86,5,6,28969,DPH,4,f351687c-2019-04-18T12:56:52Z-00004-000
87,5,1,2270,DPH,5,8906c1ae-2019-04-18T16:24:58Z-00008-000
88,5,6,43487,DirichletLM,1,cea53ba4-2019-04-18T14:44:38Z-00004-000
89,5,5,11970,DirichletLM,2,7e60a5d4-2019-04-18T15:49:08Z-00003-000
90,5,5,17668,DirichletLM,3,81901837-2019-04-18T17:55:43Z-00001-000
91,5,6,28969,DirichletLM,4,f351687c-2019-04-18T12:56:52Z-00004-000
92,5,6,2270,DirichletLM,5,8906c1ae-2019-04-18T16:24:58Z-00009-000
93,5,1,43487,TF_IDF,1,cea53ba4-2019-04-18T14:44:38Z-00005-000
94,5,5,17668,TF_IDF,2,81901837-2019-04-18T17:55:43Z-00001-000
95,5,6,43487,TF_IDF,3,cea53ba4-2019-04-18T14:44:38Z-00004-000
96,5,4,11970,TF_IDF,4,7e60a5d4-2019-04-18T15:49:08Z-00005-000
97,5,5,11970,TF_IDF,5,7e60a5d4-2019-04-18T15:49:08Z-00003-000
98,6,1,35254,BM25F,1,4c5da6ef-2019-04-18T12:54:27Z-00005-000
99,6,5,8438,BM25F,2,489223eb-2019-04-18T13:09:06Z-00002-000
100,6,6,8438,BM25F,3,489223eb-2019-04-18T13:09:06Z-00000-000
101,6,4,35254,BM25F,4,4c5da6ef-2019-04-18T12:54:27Z-00004-000
102,6,8,40153,BM25F,5,3bd8c5e1-2019-04-18T13:10:51Z-00004-000
103,6,8,40153,DPH,1,3bd8c5e1-2019-04-18T13:10:51Z-00004-000
104,6,5,8438,DPH,2,489223eb-2019-04-18T13:09:06Z-00002-000
105,6,9,40153,DPH,3,3bd8c5e1-2019-04-18T13:10:51Z-00002-000
106,6,6,40153,DPH,4,3bd8c5e1-2019-04-18T13:10:51Z-00008-000
107,6,1,35254,DPH,5,4c5da6ef-2019-04-18T12:54:27Z-00005-000
108,6,8,40153,DirichletLM,1,3bd8c5e1-2019-04-18T13:10:51Z-00004-000
109,6,9,40153,DirichletLM,2,3bd8c5e1-2019-04-18T13:10:51Z-00002-000
110,6,6,40153,DirichletLM,3,3bd8c5e1-2019-04-18T13:10:51Z-00008-000
111,6,5,8438,DirichletLM,4,489223eb-2019-04-18T13:09:06Z-00002-000
112,6,1,35254,DirichletLM,5,4c5da6ef-2019-04-18T12:54:27Z-00005-000
113,6,9,40153,TF_IDF,1,3bd8c5e1-2019-04-18T13:10:51Z-00002-000
114,6,8,40153,TF_IDF,2,3bd8c5e1-2019-04-18T13:10:51Z-00004-000
115,6,5,8438,TF_IDF,3,489223eb-2019-04-18T13:09:06Z-00002-000
116,6,6,40153,TF_IDF,4,3bd8c5e1-2019-04-18T13:10:51Z-00008-000
117,6,1,35254,TF_IDF,5,4c5da6ef-2019-04-18T12:54:27Z-00005-000
118,7,1,33830,BM25F,1,c183b9ff-2019-04-18T12:53:55Z-00005-000
119,7,3,33830,BM25F,2,c183b9ff-2019-04-18T12:53:55Z-00001-000
120,7,5,33830,BM25F,3,c183b9ff-2019-04-18T12:53:55Z-00002-000
121,7,2,33830,BM25F,4,c183b9ff-2019-04-18T12:53:55Z-00003-000
122,7,2,22810,BM25F,5,f5aaf1ba-2019-04-18T14:44:51Z-00005-000
123,7,1,33830,DPH,1,c183b9ff-2019-04-18T12:53:55Z-00005-000
124,7,7,41465,DPH,2,5779be30-2019-04-18T13:27:20Z-00000-000
125,7,3,41465,DPH,3,5779be30-2019-04-18T13:27:20Z-00000-000
126,7,3,33830,DPH,4,c183b9ff-2019-04-18T12:53:55Z-00001-000
127,7,4,4574,DPH,5,f634c3eb-2019-04-18T13:21:54Z-00002-000
128,7,4,4574,DirichletLM,1,f634c3eb-2019-04-18T13:21:54Z-00002-000
129,7,1,33830,DirichletLM,2,c183b9ff-2019-04-18T12:53:55Z-00005-000
130,7,7,41465,DirichletLM,3,5779be30-2019-04-18T13:27:20Z-00000-000
131,7,3,41465,DirichletLM,4,5779be30-2019-04-18T13:27:20Z-00000-000
132,7,3,33830,DirichletLM,5,c183b9ff-2019-04-18T12:53:55Z-00001-000
133,7,1,33830,TF_IDF,1,c183b9ff-2019-04-18T12:53:55Z-00005-000
134,7,7,41465,TF_IDF,2,5779be30-2019-04-18T13:27:20Z-00000-000
135,7,2,33830,TF_IDF,3,c183b9ff-2019-04-18T12:53:55Z-00003-000
136,7,3,41465,TF_IDF,4,5779be30-2019-04-18T13:27:20Z-00000-000
137,7,1,41465,TF_IDF,5,5779be30-2019-04-18T13:27:20Z-00004-000
138,8,16,9307,BM25F,1,691acc63-2019-04-15T20:23:01Z-00015-000
139,8,15,9307,BM25F,2,691acc63-2019-04-15T20:23:01Z-00014-000
140,8,23,9307,BM25F,3,691acc63-2019-04-15T20:23:01Z-00022-000
141,8,12,9307,BM25F,4,691acc63-2019-04-15T20:23:01Z-00011-000
142,8,1,35826,BM25F,5,a91317cd-2019-04-18T18:41:12Z-00007-000
143,8,12,9307,DPH,1,691acc63-2019-04-15T20:23:01Z-00011-000
144,8,9,16626,DPH,2,a6235621-2019-04-19T12:44:35Z-00013-000
145,8,4,36961,DPH,3,d14fa3f8-2019-04-18T12:59:50Z-00004-000
146,8,8,16626,DPH,4,a6235621-2019-04-19T12:44:35Z-00012-000
147,8,11,9307,DPH,5,691acc63-2019-04-15T20:23:01Z-00010-000
148,8,1,4167,DirichletLM,1,ccd5e2cf-2019-04-18T13:04:04Z-00003-000
149,8,4,36961,DirichletLM,2,d14fa3f8-2019-04-18T12:59:50Z-00004-000
150,8,5,19836,DirichletLM,3,13d19ccf-2019-04-18T13:58:59Z-00000-000
151,8,2,1078,DirichletLM,4,12fc6c09-2019-04-18T13:30:20Z-00002-000
152,8,12,9307,DirichletLM,5,691acc63-2019-04-15T20:23:01Z-00011-000
153,8,8,16626,TF_IDF,1,a6235621-2019-04-19T12:44:35Z-00012-000
154,8,11,9307,TF_IDF,2,691acc63-2019-04-15T20:23:01Z-00010-000
155,8,4,16626,TF_IDF,3,a6235621-2019-04-19T12:44:35Z-00008-000
156,8,12,9307,TF_IDF,4,691acc63-2019-04-15T20:23:01Z-00011-000
157,8,9,16626,TF_IDF,5,a6235621-2019-04-19T12:44:35Z-00013-000
158,9,1,19959,DPH,1,ff1891f5-2019-04-18T18:54:28Z-00004-000
159,9,27,4806,DPH,2,39352d62-2019-04-19T12:45:34Z-00026-000
160,9,6,16793,DPH,3,f16e9818-2019-04-18T19:21:34Z-00007-000
161,9,1,4472,DPH,4,fbb2201b-2019-04-18T19:20:40Z-00005-000
162,9,14,4806,DPH,5,39352d62-2019-04-19T12:45:34Z-00013-000
163,9,1,19959,DirichletLM,1,ff1891f5-2019-04-18T18:54:28Z-00004-000
164,9,6,16793,DirichletLM,2,f16e9818-2019-04-18T19:21:34Z-00007-000
165,9,14,3539,DirichletLM,3,5520ff9a-2019-04-15T20:22:42Z-00016-000
166,9,1,4472,DirichletLM,4,fbb2201b-2019-04-18T19:20:40Z-00005-000
167,9,1,21222,DirichletLM,5,5ffcbbf3-2019-04-18T14:33:01Z-00005-000
168,9,1,19959,TF_IDF,1,ff1891f5-2019-04-18T18:54:28Z-00004-000
169,9,2,3539,TF_IDF,2,5520ff9a-2019-04-15T20:22:42Z-00002-000
170,9,3,3539,TF_IDF,3,5520ff9a-2019-04-15T20:22:42Z-00002-000
171,9,14,4806,TF_IDF,4,39352d62-2019-04-19T12:45:34Z-00013-000
172,9,10,4806,TF_IDF,5,39352d62-2019-04-19T12:45:34Z-00009-000
173,10,1,19652,BM25F,1,4d3852ce-2019-04-18T18:53:13Z-00009-000
174,10,1,15665,BM25F,2,59d20097-2019-04-18T15:00:04Z-00003-000
175,10,1,33672,BM25F,3,12148574-2019-04-18T14:19:18Z-00005-000
176,10,4,1024,BM25F,4,cd0c01b4-2019-04-18T16:30:34Z-00004-000
177,10,1,28259,BM25F,5,d4181057-2019-04-18T18:59:23Z-00005-000
178,10,1,22687,DPH,1,946d6366-2019-04-18T17:25:13Z-00003-000
179,10,9,32236,DPH,2,575d7a7e-2019-04-18T16:34:27Z-00001-000
180,10,1,32824,DPH,3,dff8f1b4-2019-04-18T19:05:14Z-00005-000
181,10,6,32662,DPH,4,90bdd4aa-2019-04-18T18:38:03Z-00004-000
182,10,1,8628,DPH,5,d9e09240-2019-04-18T19:13:37Z-00007-000
183,10,1,22687,DirichletLM,1,946d6366-2019-04-18T17:25:13Z-00003-000
184,10,9,32236,DirichletLM,2,575d7a7e-2019-04-18T16:34:27Z-00001-000
185,10,1,8628,DirichletLM,3,d9e09240-2019-04-18T19:13:37Z-00007-000
186,10,1,32824,DirichletLM,4,dff8f1b4-2019-04-18T19:05:14Z-00005-000
187,10,1,13538,DirichletLM,5,7c8b175c-2019-04-18T15:27:03Z-00005-000
188,10,1,22687,TF_IDF,1,946d6366-2019-04-18T17:25:13Z-00003-000
189,10,63,27905,TF_IDF,2,e5ccda7-2019-04-17T11:47:44Z-00062-000
190,10,1,21177,TF_IDF,3,86fcab18-2019-04-18T15:32:38Z-00005-000
191,10,47,27905,TF_IDF,4,e5ccda7-2019-04-17T11:47:44Z-00046-000
192,10,1,15665,TF_IDF,5,59d20097-2019-04-18T15:00:04Z-00003-000
193,11,2,9245,BM25F,1,825e2c01-2019-04-18T17:53:57Z-00003-000
194,11,3,9245,BM25F,2,825e2c01-2019-04-18T17:53:57Z-00001-000
195,11,1,16297,BM25F,3,d52c01c6-2019-04-18T15:49:54Z-00007-000
196,11,2,28227,BM25F,4,b3457e71-2019-04-18T18:11:08Z-00007-000
197,11,2,3490,BM25F,5,b3457e52-2019-04-18T18:41:53Z-00005-000
198,11,2,9245,DPH,1,825e2c01-2019-04-18T17:53:57Z-00003-000
199,11,8,16393,DPH,2,a0c86b8a-2019-04-18T15:55:18Z-00004-000
200,11,1,19909,DPH,3,4d043ef3-2019-04-18T16:00:18Z-00009-000
201,11,2,28227,DPH,4,b3457e71-2019-04-18T18:11:08Z-00007-000
202,11,12,44291,DPH,5,None
203,11,2,28227,DirichletLM,1,b3457e71-2019-04-18T18:11:08Z-00007-000
204,11,8,16393,DirichletLM,2,a0c86b8a-2019-04-18T15:55:18Z-00004-000
205,11,2,9245,DirichletLM,3,825e2c01-2019-04-18T17:53:57Z-00003-000
206,11,26,25831,DirichletLM,4,None
207,11,1,19909,DirichletLM,5,4d043ef3-2019-04-18T16:00:18Z-00009-000
208,11,1,19909,TF_IDF,1,4d043ef3-2019-04-18T16:00:18Z-00009-000
209,11,12,44291,TF_IDF,2,None
210,11,1,29556,TF_IDF,3,7ae7276a-2019-04-18T15:39:36Z-00003-000
211,11,2,9245,TF_IDF,4,825e2c01-2019-04-18T17:53:57Z-00003-000
212,11,8,16393,TF_IDF,5,a0c86b8a-2019-04-18T15:55:18Z-00004-000
213,12,1,38732,BM25F,1,53335a7b-2019-04-18T19:16:09Z-00004-000
214,12,5,38732,BM25F,2,53335a7b-2019-04-18T19:16:09Z-00003-000
215,12,4,38732,BM25F,3,53335a7b-2019-04-18T19:16:09Z-00005-000
216,12,3,38732,BM25F,4,53335a7b-2019-04-18T19:16:09Z-00000-000
217,12,2,38732,BM25F,5,53335a7b-2019-04-18T19:16:09Z-00002-000
218,12,2,10887,DPH,1,824ed8eb-2019-04-18T18:32:31Z-00007-000
219,12,5,44344,DPH,2,5986c100-2019-04-18T13:20:46Z-00002-000
220,12,6,44344,DPH,3,5986c100-2019-04-18T13:20:46Z-00000-000
221,12,29,8210,DPH,4,39e75959-2019-04-19T12:45:40Z-00028-000
222,12,2,44344,DPH,5,5986c100-2019-04-18T13:20:46Z-00003-000
223,12,2,44344,DirichletLM,1,5986c100-2019-04-18T13:20:46Z-00003-000
224,12,5,44344,DirichletLM,2,5986c100-2019-04-18T13:20:46Z-00002-000
225,12,6,44344,DirichletLM,3,5986c100-2019-04-18T13:20:46Z-00000-000
226,12,29,8210,DirichletLM,4,39e75959-2019-04-19T12:45:40Z-00028-000
227,12,1,44344,DirichletLM,5,5986c100-2019-04-18T13:20:46Z-00005-000
228,12,2,10887,TF_IDF,1,824ed8eb-2019-04-18T18:32:31Z-00007-000
229,12,2,44344,TF_IDF,2,5986c100-2019-04-18T13:20:46Z-00003-000
230,12,5,44344,TF_IDF,3,5986c100-2019-04-18T13:20:46Z-00002-000
231,12,4,44344,TF_IDF,4,5986c100-2019-04-18T13:20:46Z-00004-000
232,12,1,26191,TF_IDF,5,db49fdec-2019-04-18T14:34:53Z-00008-000
233,13,1,28456,BM25F,1,38e71333-2019-04-18T13:57:39Z-00003-000
234,13,4,32207,BM25F,2,1d4dd2b5-2019-04-18T18:48:02Z-00000-000
235,13,1,32440,BM25F,3,b44adae-2019-04-18T13:45:56Z-00007-000
236,13,1,32207,BM25F,4,1d4dd2b5-2019-04-18T18:48:02Z-00003-000
237,13,4,28456,BM25F,5,38e71333-2019-04-18T13:57:39Z-00004-000
238,13,1,12591,DPH,1,8e56b3f-2019-04-18T13:34:45Z-00007-000
239,13,1,32440,DPH,2,b44adae-2019-04-18T13:45:56Z-00007-000
240,13,5,34904,DPH,3,e03e7a61-2019-04-18T14:37:03Z-00007-000
241,13,1,17472,DPH,4,e03e7a42-2019-04-18T14:35:21Z-00009-000
242,13,1,42670,DPH,5,e03e7a42-2019-04-18T14:35:21Z-00009-000
243,13,1,12591,DirichletLM,1,8e56b3f-2019-04-18T13:34:45Z-00007-000
244,13,1,32440,DirichletLM,2,b44adae-2019-04-18T13:45:56Z-00007-000
245,13,2,20935,DirichletLM,3,f2cac0b5-2019-04-18T16:06:26Z-00004-000
246,13,1,32178,DirichletLM,4,5efff4d3-2019-04-18T13:32:58Z-00005-000
247,13,1,43645,DirichletLM,5,f6d26e83-2019-04-18T16:01:49Z-00002-000
248,13,1,32440,TF_IDF,1,b44adae-2019-04-18T13:45:56Z-00007-000
249,13,6,17472,TF_IDF,2,e03e7a04-2019-04-18T14:42:05Z-00007-000
250,13,6,42670,TF_IDF,3,e03e7a42-2019-04-18T14:35:21Z-00008-000
251,13,1,12591,TF_IDF,4,8e56b3f-2019-04-18T13:34:45Z-00007-000
252,13,4,19580,TF_IDF,5,447458de-2019-04-18T15:29:29Z-00006-000
253,14,4,18069,BM25F,1,cb3acdd6-2019-04-18T16:57:26Z-00005-000
254,14,2,18069,BM25F,2,cb3acdd6-2019-04-18T16:57:26Z-00002-000
255,14,1,18069,BM25F,3,cb3acdd6-2019-04-18T16:57:26Z-00004-000
256,14,5,18069,BM25F,4,cb3acdd6-2019-04-18T16:57:26Z-00003-000
257,14,1,34140,BM25F,5,54f428b3-2019-04-18T14:31:22Z-00004-000
258,14,2,2439,DPH,1,7adc552a-2019-04-18T13:00:50Z-00003-000
259,14,2,549,DPH,2,f91bcb56-2019-04-18T14:41:06Z-00003-000
260,14,6,5565,DPH,3,None
261,14,3,5565,DPH,4,2ef950c4-2019-04-18T16:33:51Z-00000-000
262,14,5,3745,DPH,5,b373631f-2019-04-18T12:59:00Z-00005-000
263,14,2,2439,DirichletLM,1,7adc552a-2019-04-18T13:00:50Z-00003-000
264,14,2,14571,DirichletLM,2,886a5d30-2019-04-18T14:48:46Z-00002-000
265,14,2,549,DirichletLM,3,f91bcb56-2019-04-18T14:41:06Z-00003-000
266,14,3,5565,DirichletLM,4,2ef950c4-2019-04-18T16:33:51Z-00000-000
267,14,6,5565,DirichletLM,5,None
268,14,3,5565,TF_IDF,1,2ef950c4-2019-04-18T16:33:51Z-00000-000
269,14,6,5565,TF_IDF,2,None
270,14,10,25759,TF_IDF,3,None
271,14,2,2439,TF_IDF,4,7adc552a-2019-04-18T13:00:50Z-00003-000
272,14,1,16222,TF_IDF,5,b848f2a1-2019-04-18T15:12:52Z-00004-000
273,15,1,18560,BM25F,1,48fd165c-2019-04-18T16:25:48Z-00009-000
274,15,4,29841,BM25F,2,b94e9d7f-2019-04-18T18:57:03Z-00005-000
275,15,4,34200,BM25F,3,178f5720-2019-04-18T16:56:44Z-00000-000
276,15,5,35398,BM25F,4,2c7b8e1b-2019-04-18T13:08:09Z-00002-000
277,15,4,8228,BM25F,5,b70675aa-2019-04-18T18:38:06Z-00002-000
278,15,1,18560,DPH,1,48fd165c-2019-04-18T16:25:48Z-00009-000
279,15,1,14108,DPH,2,bff98b90-2019-04-18T12:50:26Z-00006-000
280,15,4,34200,DPH,3,178f5720-2019-04-18T16:56:44Z-00000-000
281,15,2,10759,DPH,4,59341372-2019-04-18T16:15:21Z-00002-000
282,15,4,29841,DPH,5,b94e9d7f-2019-04-18T18:57:03Z-00005-000
283,15,2,21778,DirichletLM,1,8d6fc705-2019-04-18T15:09:03Z-00006-000
284,15,4,34200,DirichletLM,2,178f5720-2019-04-18T16:56:44Z-00000-000
285,15,2,10759,DirichletLM,3,59341372-2019-04-18T16:15:21Z-00002-000
286,15,1,18560,DirichletLM,4,48fd165c-2019-04-18T16:25:48Z-00009-000
287,15,4,9597,DirichletLM,5,ec4c4ca5-2019-04-18T14:33:16Z-00001-000
288,15,1,18560,TF_IDF,1,48fd165c-2019-04-18T16:25:48Z-00009-000
289,15,6,6527,TF_IDF,2,edc8d078-2019-04-18T12:59:26Z-00000-000
290,15,1,14108,TF_IDF,3,bff98b90-2019-04-18T12:50:26Z-00006-000
291,15,4,34200,TF_IDF,4,178f5720-2019-04-18T16:56:44Z-00000-000
292,15,4,29841,TF_IDF,5,b94e9d7f-2019-04-18T18:57:03Z-00005-000
293,16,10,35676,BM25F,1,1284bea4-2019-04-18T18:47:40Z-00000-000
294,16,6,14397,BM25F,2,195f22e7-2019-04-18T18:47:16Z-00005-000
295,16,1,35676,BM25F,3,195f22e7-2019-04-18T18:47:16Z-00006-000
296,16,1,14397,BM25F,4,1284bea4-2019-04-18T18:47:40Z-00009-000
297,16,7,35676,BM25F,5,1284bea4-2019-04-18T18:47:40Z-00006-000
298,16,10,35676,DPH,1,1284bea4-2019-04-18T18:47:40Z-00000-000
299,16,4,28563,DPH,2,fbfb1686-2019-04-18T16:33:24Z-00004-000
300,16,2,40654,DPH,3,7ba4df4a-2019-04-18T12:56:46Z-00003-000
301,16,6,14397,DPH,4,195f22e7-2019-04-18T18:47:16Z-00005-000
302,16,1,28563,DPH,5,fbfb1686-2019-04-18T16:33:24Z-00005-000
303,16,10,35676,DirichletLM,1,1284bea4-2019-04-18T18:47:40Z-00000-000
304,16,4,28563,DirichletLM,2,fbfb1686-2019-04-18T16:33:24Z-00004-000
305,16,6,14397,DirichletLM,3,195f22e7-2019-04-18T18:47:16Z-00005-000
306,16,2,40654,DirichletLM,4,7ba4df4a-2019-04-18T12:56:46Z-00003-000
307,16,1,28563,DirichletLM,5,fbfb1686-2019-04-18T16:33:24Z-00005-000
308,16,4,28563,TF_IDF,1,fbfb1686-2019-04-18T16:33:24Z-00004-000
309,16,10,35676,TF_IDF,2,1284bea4-2019-04-18T18:47:40Z-00000-000
310,16,1,28563,TF_IDF,3,fbfb1686-2019-04-18T16:33:24Z-00005-000
311,16,6,14397,TF_IDF,4,195f22e7-2019-04-18T18:47:16Z-00005-000
312,16,6,35676,TF_IDF,5,1284bea4-2019-04-18T18:47:40Z-00008-000
313,17,1,35826,BM25F,1,a91317cd-2019-04-18T18:41:12Z-00007-000
314,17,6,12549,BM25F,2,adb117f7-2019-04-19T12:44:05Z-00005-000
315,17,4,41203,BM25F,3,bfe387d4-2019-04-18T18:30:11Z-00003-000
316,17,5,30506,BM25F,4,73691aa4-2019-04-18T18:49:53Z-00003-000
317,17,3,41203,BM25F,5,bfe387d4-2019-04-18T18:30:11Z-00005-000
318,17,7,20300,DPH,1,a1d0c23-2019-04-18T14:20:52Z-00002-000
319,17,1,11698,DPH,2,407b211c-2019-04-18T18:31:01Z-00005-000
320,17,4,4164,DPH,3,bc1853d3-2019-04-18T19:22:06Z-00005-000
321,17,4,618,DPH,4,None
322,17,1,4432,DPH,5,cb41bc64-2019-04-18T13:27:14Z-00003-000
323,17,7,20300,DirichletLM,1,a1d0c23-2019-04-18T14:20:52Z-00002-000
324,17,4,4164,DirichletLM,2,bc1853d3-2019-04-18T19:22:06Z-00005-000
325,17,1,11698,DirichletLM,3,407b211c-2019-04-18T18:31:01Z-00005-000
326,17,1,4432,DirichletLM,4,cb41bc64-2019-04-18T13:27:14Z-00003-000
327,17,4,41203,DirichletLM,5,bfe387d4-2019-04-18T18:30:11Z-00003-000
328,17,1,11698,TF_IDF,1,407b211c-2019-04-18T18:31:01Z-00005-000
329,17,5,11698,TF_IDF,2,407b211c-2019-04-18T18:31:01Z-00002-000
330,17,6,20300,TF_IDF,3,a1d0c23-2019-04-18T14:20:52Z-00004-000
331,17,4,11698,TF_IDF,4,407b211c-2019-04-18T18:31:01Z-00004-000
332,17,2,20300,TF_IDF,5,None
333,18,27,27258,BM25F,1,31f5da82-2019-04-17T11:47:27Z-00026-000
334,18,21,27258,BM25F,2,31f5da82-2019-04-17T11:47:27Z-00020-000
335,18,28,27258,BM25F,3,31f5da82-2019-04-17T11:47:27Z-00027-000
336,18,49,27258,BM25F,4,31f5da82-2019-04-17T11:47:27Z-00048-000
337,18,50,27258,BM25F,5,31f5da82-2019-04-17T11:47:27Z-00049-000
338,18,8,8542,DPH,1,cd8abfbd-2019-04-18T17:04:37Z-00003-000
339,18,7,8542,DPH,2,cd8abfbd-2019-04-18T17:04:37Z-00005-000
340,18,6,8542,DPH,3,cd8abfbd-2019-04-18T17:04:37Z-00007-000
341,18,9,8542,DPH,4,cd8abfdc-2019-04-18T17:04:45Z-00003-000
342,18,4,30322,DPH,5,341863b5-2019-04-18T13:52:10Z-00002-000
343,18,8,8542,DirichletLM,1,cd8abfbd-2019-04-18T17:04:37Z-00003-000
344,18,7,8542,DirichletLM,2,cd8abfbd-2019-04-18T17:04:37Z-00005-000
345,18,6,8542,DirichletLM,3,cd8abfbd-2019-04-18T17:04:37Z-00007-000
346,18,9,8542,DirichletLM,4,cd8abfdc-2019-04-18T17:04:45Z-00003-000
347,18,3,6793,DirichletLM,5,a6458ad5-2019-04-18T14:29:07Z-00003-000
348,18,7,8542,TF_IDF,1,cd8abfbd-2019-04-18T17:04:37Z-00005-000
349,18,6,8542,TF_IDF,2,cd8abfbd-2019-04-18T17:04:37Z-00007-000
350,18,8,8542,TF_IDF,3,cd8abfbd-2019-04-18T17:04:37Z-00003-000
351,18,8,3882,TF_IDF,4,af83a7e2-2019-04-19T12:44:04Z-00007-000
352,18,1,7026,TF_IDF,5,12fb1301-2019-04-18T18:48:52Z-00002-000
353,19,8,13856,BM25F,1,ce7f5699-2019-04-19T12:45:21Z-00007-000
354,19,5,20073,BM25F,2,ca2aacb0-2019-04-18T19:03:17Z-00003-000
355,19,1,20073,BM25F,3,ca2aacb0-2019-04-18T19:03:17Z-00004-000
356,19,3,20073,BM25F,4,ca2aacb0-2019-04-18T19:03:17Z-00000-000
357,19,11,13856,BM25F,5,ce7f5699-2019-04-19T12:45:21Z-00010-000
358,19,21,8157,DPH,1,70b2b740-2019-04-15T20:22:42Z-00023-000
359,19,12,13010,DPH,2,None
360,19,1,29759,DPH,3,d98e8ed9-2019-04-18T19:01:11Z-00003-000
361,19,17,14437,DPH,4,4ad44663-2019-04-15T20:24:48Z-00016-000
362,19,13,33416,DPH,5,None
363,19,1,29759,DirichletLM,1,d98e8ed9-2019-04-18T19:01:11Z-00003-000
364,19,21,8157,DirichletLM,2,70b2b740-2019-04-15T20:22:42Z-00023-000
365,19,12,13010,DirichletLM,3,None
366,19,17,14437,DirichletLM,4,4ad44663-2019-04-15T20:24:48Z-00016-000
367,19,3,23730,DirichletLM,5,9fc251b2-2019-04-18T18:05:39Z-00001-000
368,19,21,8157,TF_IDF,1,70b2b740-2019-04-15T20:22:42Z-00023-000
369,19,3,42698,TF_IDF,2,299fbc20-2019-04-19T12:46:38Z-00002-000
370,19,8,41050,TF_IDF,3,None
371,19,3,3484,TF_IDF,4,488ca9f3-2019-04-18T18:30:04Z-00000-000
372,19,27,13856,TF_IDF,5,ce7f5699-2019-04-19T12:45:21Z-00026-000
373,20,8,33655,BM25F,1,766c81cc-2019-04-15T20:24:27Z-00007-000
374,20,3,9253,BM25F,2,9860f93c-2019-04-17T11:47:22Z-00034-000
375,20,10,9253,BM25F,3,9860f93c-2019-04-17T11:47:22Z-00041-000
376,20,1,9253,BM25F,4,9860f93c-2019-04-17T11:47:22Z-00032-000
377,20,2,9253,BM25F,5,9860f93c-2019-04-17T11:47:22Z-00033-000
378,20,4,20869,DPH,1,81019284-2019-04-18T14:31:26Z-00003-000
379,20,1,41962,DPH,2,9e2a4551-2019-04-18T15:42:17Z-00005-000
380,20,12,38422,DPH,3,869af6cc-2019-04-19T12:47:53Z-00011-000
381,20,3,40306,DPH,4,c6c31c36-2019-04-18T15:19:47Z-00002-000
382,20,13,38422,DPH,5,869af6cc-2019-04-19T12:47:53Z-00012-000
383,20,3,40306,DirichletLM,1,c6c31c36-2019-04-18T15:19:47Z-00002-000
384,20,2,8010,DirichletLM,2,None
385,20,4,8010,DirichletLM,3,None
386,20,12,38422,DirichletLM,4,869af6cc-2019-04-19T12:47:53Z-00011-000
387,20,13,38422,DirichletLM,5,869af6cc-2019-04-19T12:47:53Z-00012-000
388,20,7,30258,TF_IDF,1,None
389,20,4,30258,TF_IDF,2,None
390,20,2,17396,TF_IDF,3,3b73d45e-2019-04-19T12:44:32Z-00001-000
391,20,4,20869,TF_IDF,4,81019284-2019-04-18T14:31:26Z-00003-000
392,20,2,12895,TF_IDF,5,None
393,21,1,7165,BM25F,1,46a01bc1-2019-04-18T15:49:43Z-00005-000
394,21,2,19731,BM25F,2,fa052a6b-2019-04-18T18:58:32Z-00005-000
395,21,1,42502,BM25F,3,c948fdc-2019-04-18T13:36:26Z-00009-000
396,21,1,36079,BM25F,4,7ca80ecc-2019-04-18T19:16:04Z-00006-000
397,21,3,40644,BM25F,5,1859bc5b-2019-04-18T17:43:35Z-00005-000
398,21,6,23138,DPH,1,7f863ae5-2019-04-18T13:50:59Z-00005-000
399,21,6,26893,DPH,2,72df98a6-2019-04-18T18:58:03Z-00009-000
400,21,5,24173,DPH,3,98866051-2019-04-18T18:29:52Z-00006-000
401,21,7,2026,DPH,4,e86339d8-2019-04-18T13:25:05Z-00007-000
402,21,4,33615,DPH,5,ad6c57f8-2019-04-18T17:27:25Z-00004-000
403,21,6,26893,DirichletLM,1,72df98a6-2019-04-18T18:58:03Z-00009-000
404,21,6,23138,DirichletLM,2,7f863ae5-2019-04-18T13:50:59Z-00005-000
405,21,1,17891,DirichletLM,3,550f1f76-2019-04-18T19:36:06Z-00002-000
406,21,7,2026,DirichletLM,4,e86339d8-2019-04-18T13:25:05Z-00007-000
407,21,5,24173,DirichletLM,5,98866051-2019-04-18T18:29:52Z-00006-000
408,21,1,17891,TF_IDF,1,550f1f76-2019-04-18T19:36:06Z-00002-000
409,21,6,26893,TF_IDF,2,72df98a6-2019-04-18T18:58:03Z-00009-000
410,21,6,23138,TF_IDF,3,7f863ae5-2019-04-18T13:50:59Z-00005-000
411,21,5,17110,TF_IDF,4,e051460a-2019-04-18T15:04:02Z-00005-000
412,21,1,14152,TF_IDF,5,f44c0582-2019-04-18T16:41:31Z-00001-000
413,22,5,44344,BM25F,1,5986c100-2019-04-18T13:20:46Z-00002-000
414,22,2,44344,BM25F,2,5986c100-2019-04-18T13:20:46Z-00003-000
415,22,6,44344,BM25F,3,5986c100-2019-04-18T13:20:46Z-00000-000
416,22,4,44344,BM25F,4,5986c100-2019-04-18T13:20:46Z-00004-000
417,22,1,44344,BM25F,5,5986c100-2019-04-18T13:20:46Z-00005-000
418,22,5,44344,DPH,1,5986c100-2019-04-18T13:20:46Z-00002-000
419,22,6,44344,DPH,2,5986c100-2019-04-18T13:20:46Z-00000-000
420,22,29,8210,DPH,3,39e75959-2019-04-19T12:45:40Z-00028-000
421,22,2,44344,DPH,4,5986c100-2019-04-18T13:20:46Z-00003-000
422,22,1,44344,DPH,5,5986c100-2019-04-18T13:20:46Z-00005-000
423,22,2,44344,DirichletLM,1,5986c100-2019-04-18T13:20:46Z-00003-000
424,22,5,44344,DirichletLM,2,5986c100-2019-04-18T13:20:46Z-00002-000
425,22,6,44344,DirichletLM,3,5986c100-2019-04-18T13:20:46Z-00000-000
426,22,29,8210,DirichletLM,4,39e75959-2019-04-19T12:45:40Z-00028-000
427,22,1,44344,DirichletLM,5,5986c100-2019-04-18T13:20:46Z-00005-000
428,22,2,44344,TF_IDF,1,5986c100-2019-04-18T13:20:46Z-00003-000
429,22,5,44344,TF_IDF,2,5986c100-2019-04-18T13:20:46Z-00002-000
430,22,4,44344,TF_IDF,3,5986c100-2019-04-18T13:20:46Z-00004-000
431,22,1,26191,TF_IDF,4,db49fdec-2019-04-18T14:34:53Z-00008-000
432,22,6,44344,TF_IDF,5,5986c100-2019-04-18T13:20:46Z-00000-000
433,23,7,21712,BM25F,1,e3bc0ab2-2019-04-18T16:07:14Z-00001-000
434,23,2,34819,BM25F,2,ed8762f0-2019-04-18T15:33:01Z-00002-000
435,23,4,27718,BM25F,3,e3bc0428-2019-04-18T16:16:18Z-00001-000
436,23,8,10684,BM25F,4,ed87638b-2019-04-18T15:23:00Z-00005-000
437,23,6,33023,BM25F,5,abe4d584-2019-04-18T18:55:53Z-00006-000
438,23,2,11794,DPH,1,e3bc0029-2019-04-18T16:43:23Z-00003-000
439,23,2,20935,DPH,2,f2cac0b5-2019-04-18T16:06:26Z-00004-000
440,23,5,27718,DPH,3,e3bc0428-2019-04-18T16:16:18Z-00000-000
441,23,2,27718,DPH,4,None
442,23,4,44381,DPH,5,6a11307c-2019-04-18T15:13:55Z-00004-000
443,23,2,11794,DirichletLM,1,e3bc0029-2019-04-18T16:43:23Z-00003-000
444,23,2,20935,DirichletLM,2,f2cac0b5-2019-04-18T16:06:26Z-00004-000
445,23,5,27718,DirichletLM,3,e3bc0428-2019-04-18T16:16:18Z-00000-000
446,23,2,27718,DirichletLM,4,None
447,23,1,32178,DirichletLM,5,5efff4d3-2019-04-18T13:32:58Z-00005-000
448,23,2,20935,TF_IDF,1,f2cac0b5-2019-04-18T16:06:26Z-00004-000
449,23,1,1364,TF_IDF,2,c1373988-2019-04-18T13:27:24Z-00004-000
450,23,1,32440,TF_IDF,4,b44adae-2019-04-18T13:45:56Z-00007-000
451,23,4,44381,TF_IDF,5,6a11307c-2019-04-18T15:13:55Z-00004-000
452,24,1,39872,BM25F,1,None
453,24,3,38520,BM25F,2,ab74e7d9-2019-04-18T15:43:14Z-00000-000
454,24,4,25398,BM25F,3,893cdecf-2019-04-18T15:23:44Z-00005-000
455,24,4,44253,BM25F,4,6b3e2015-2019-04-18T12:56:35Z-00004-000
456,24,1,25398,BM25F,5,893cdecf-2019-04-18T15:23:44Z-00004-000
457,24,8,36432,DPH,1,b5e88b26-2019-04-18T16:29:20Z-00003-000
458,24,7,36432,DPH,2,b5e88b26-2019-04-18T16:29:20Z-00005-000
459,24,1,37704,DPH,3,8540ae31-2019-04-18T14:07:50Z-00001-000
460,24,5,34873,DPH,4,f2058623-2019-04-18T17:00:34Z-00002-000
461,24,1,39872,DPH,5,None
462,24,7,36432,DirichletLM,1,b5e88b26-2019-04-18T16:29:20Z-00005-000
463,24,8,36432,DirichletLM,2,b5e88b26-2019-04-18T16:29:20Z-00003-000
464,24,1,37704,DirichletLM,3,8540ae31-2019-04-18T14:07:50Z-00001-000
465,24,5,34873,DirichletLM,4,f2058623-2019-04-18T17:00:34Z-00002-000
466,24,1,39872,DirichletLM,5,None
467,24,7,36432,TF_IDF,1,b5e88b26-2019-04-18T16:29:20Z-00005-000
468,24,8,36432,TF_IDF,2,b5e88b26-2019-04-18T16:29:20Z-00003-000
469,24,1,39872,TF_IDF,3,None
470,24,1,6623,TF_IDF,4,None
471,25,2,4752,BM25F,1,515f0490-2019-04-18T13:52:41Z-00002-000
472,25,1,3745,BM25F,2,b373631f-2019-04-18T12:59:00Z-00006-000
473,25,5,3745,BM25F,3,b373631f-2019-04-18T12:59:00Z-00005-000
474,25,1,92,BM25F,4,a4b139f8-2019-04-18T15:24:31Z-00004-000
475,25,1,4752,BM25F,5,515f0490-2019-04-18T13:52:41Z-00004-000
476,25,2,14571,DPH,1,886a5d30-2019-04-18T14:48:46Z-00002-000
477,25,2,2439,DPH,2,7adc552a-2019-04-18T13:00:50Z-00003-000
478,25,6,28031,DPH,3,9e86b9a2-2019-04-18T14:52:22Z-00004-000
479,25,3,28031,DPH,4,9e86b9a2-2019-04-18T14:52:22Z-00003-000
480,25,5,3745,DPH,5,b373631f-2019-04-18T12:59:00Z-00005-000
481,25,2,14571,DirichletLM,1,886a5d30-2019-04-18T14:48:46Z-00002-000
482,25,2,2439,DirichletLM,2,7adc552a-2019-04-18T13:00:50Z-00003-000
483,25,3,28031,DirichletLM,3,9e86b9a2-2019-04-18T14:52:22Z-00003-000
484,25,6,28031,DirichletLM,4,9e86b9a2-2019-04-18T14:52:22Z-00004-000
485,25,5,3745,DirichletLM,5,b373631f-2019-04-18T12:59:00Z-00005-000
486,25,2,4752,TF_IDF,1,515f0490-2019-04-18T13:52:41Z-00002-000
487,25,2,14571,TF_IDF,2,886a5d30-2019-04-18T14:48:46Z-00002-000
488,25,3,28031,TF_IDF,3,9e86b9a2-2019-04-18T14:52:22Z-00003-000
489,25,1,18069,TF_IDF,4,cb3acdd6-2019-04-18T16:57:26Z-00004-000
490,25,1,42335,TF_IDF,5,34796c60-2019-04-18T15:27:35Z-00001-000
491,26,4,4164,BM25F,1,bc1853d3-2019-04-18T19:22:06Z-00005-000
492,26,14,3343,BM25F,2,2aef9f36-2019-04-15T20:22:21Z-00013-000
493,26,5,30506,BM25F,3,73691aa4-2019-04-18T18:49:53Z-00003-000
494,26,1,20300,BM25F,4,a1d0c23-2019-04-18T14:20:52Z-00006-000
495,26,9,40412,BM25F,5,5e002cb8-2019-04-18T16:17:02Z-00003-000
496,26,5,30506,DPH,1,73691aa4-2019-04-18T18:49:53Z-00003-000
497,26,4,4164,DPH,2,bc1853d3-2019-04-18T19:22:06Z-00005-000
498,26,14,3343,DPH,3,2aef9f36-2019-04-15T20:22:21Z-00013-000
499,26,9,40412,DPH,4,5e002cb8-2019-04-18T16:17:02Z-00003-000
500,26,13,3343,DPH,5,2aef9f36-2019-04-15T20:22:21Z-00012-000
501,26,5,30506,DirichletLM,1,73691aa4-2019-04-18T18:49:53Z-00003-000
502,26,4,4164,DirichletLM,2,bc1853d3-2019-04-18T19:22:06Z-00005-000
503,26,9,40412,DirichletLM,3,5e002cb8-2019-04-18T16:17:02Z-00003-000
504,26,17,6158,DirichletLM,4,9ca295b7-2019-04-15T20:22:35Z-00016-000
505,26,14,3343,DirichletLM,5,2aef9f36-2019-04-15T20:22:21Z-00013-000
506,26,3,3343,TF_IDF,1,2aef9f36-2019-04-15T20:22:21Z-00002-000
507,26,14,3343,TF_IDF,2,2aef9f36-2019-04-15T20:22:21Z-00013-000
508,26,5,30506,TF_IDF,3,73691aa4-2019-04-18T18:49:53Z-00003-000
509,26,4,4164,TF_IDF,4,bc1853d3-2019-04-18T19:22:06Z-00005-000
510,26,2,5223,TF_IDF,5,None
511,27,1,6201,BM25F,1,632d6d24-2019-04-18T13:01:44Z-00007-000
512,27,1,35373,BM25F,2,632d6d43-2019-04-18T12:57:22Z-00004-000
513,27,5,35373,BM25F,3,632d6d43-2019-04-18T12:57:22Z-00001-000
514,27,6,14397,BM25F,4,195f22e7-2019-04-18T18:47:16Z-00005-000
515,27,2,35373,BM25F,5,632d6d43-2019-04-18T12:57:22Z-00002-000
516,27,10,4209,DPH,1,28ad608b-2019-04-18T18:47:01Z-00000-000
517,27,2,35373,DPH,2,632d6d43-2019-04-18T12:57:22Z-00002-000
518,27,9,4209,DPH,3,28ad608b-2019-04-18T18:47:01Z-00002-000
519,27,6,14397,DPH,4,195f22e7-2019-04-18T18:47:16Z-00005-000
520,27,4,28563,DPH,5,fbfb1686-2019-04-18T16:33:24Z-00004-000
521,27,10,4209,DirichletLM,1,28ad608b-2019-04-18T18:47:01Z-00000-000
522,27,2,35373,DirichletLM,2,632d6d43-2019-04-18T12:57:22Z-00002-000
523,27,9,4209,DirichletLM,3,28ad608b-2019-04-18T18:47:01Z-00002-000
524,27,7,4209,DirichletLM,4,28ad608b-2019-04-18T18:47:01Z-00006-000
525,27,10,35676,DirichletLM,5,1284bea4-2019-04-18T18:47:40Z-00000-000
526,27,1,6201,TF_IDF,1,632d6d24-2019-04-18T13:01:44Z-00007-000
527,27,1,35373,TF_IDF,2,632d6d43-2019-04-18T12:57:22Z-00004-000
528,27,4,35373,TF_IDF,3,632d6d43-2019-04-18T12:57:22Z-00003-000
529,27,10,4209,TF_IDF,4,28ad608b-2019-04-18T18:47:01Z-00000-000
530,27,9,4209,TF_IDF,5,28ad608b-2019-04-18T18:47:01Z-00002-000
531,28,2,34433,BM25F,1,5445ece8-2019-04-19T12:45:56Z-00001-000
532,28,2,31919,BM25F,2,2abd620-2019-04-18T12:50:32Z-00003-000
533,28,4,15235,BM25F,3,2abd63f-2019-04-18T12:50:30Z-00004-000
534,28,4,31919,BM25F,4,2abd620-2019-04-18T12:50:32Z-00004-000
535,28,3,27571,BM25F,5,2abd65e-2019-04-18T12:50:17Z-00004-000
536,28,2,9796,DPH,1,99480ff3-2019-04-18T16:15:59Z-00002-000
537,28,6,40343,DPH,2,9c3e3c49-2019-04-18T15:23:57Z-00008-000
538,28,6,38753,DPH,3,3b7bed50-2019-04-18T14:13:25Z-00006-000
539,28,4,38290,DPH,4,91e50077-2019-04-18T15:53:42Z-00000-000
540,28,5,24709,DPH,5,fe7366cf-2019-04-18T18:50:18Z-00002-000
541,28,4,38290,DirichletLM,1,91e50077-2019-04-18T15:53:42Z-00000-000
542,28,6,40343,DirichletLM,2,9c3e3c49-2019-04-18T15:23:57Z-00008-000
543,28,3,39728,DirichletLM,3,ad5e91d7-2019-04-18T14:04:29Z-00001-000
544,28,7,10165,DirichletLM,4,66aa873d-2019-04-18T18:51:36Z-00005-000
545,28,5,24709,DirichletLM,5,fe7366cf-2019-04-18T18:50:18Z-00002-000
546,28,2,47,TF_IDF,1,7a67d341-2019-04-18T14:19:31Z-00000-000
547,28,1,17103,TF_IDF,2,f0e7dcd0-2019-04-18T12:51:22Z-00001-000
548,28,31,40228,TF_IDF,3,None
549,28,70,40228,TF_IDF,4,None
550,28,67,40228,TF_IDF,5,None
551,29,4,40069,BM25F,1,aa1e977a-2019-04-18T19:56:22Z-00002-000
552,29,2,30330,BM25F,2,699b6134-2019-04-19T12:44:08Z-00001-000
553,29,8,30330,BM25F,3,699b6134-2019-04-19T12:44:08Z-00007-000
554,29,3,40069,BM25F,4,aa1e977a-2019-04-18T19:56:22Z-00004-000
555,29,60,34949,BM25F,5,89e52114-2019-04-17T11:47:41Z-00064-000
556,29,3,43829,DPH,1,9556d53a-2019-04-18T19:35:15Z-00000-000
557,29,5,13119,DPH,2,2540d7ca-2019-04-18T19:27:56Z-00003-000
558,29,4,40069,DPH,3,aa1e977a-2019-04-18T19:56:22Z-00002-000
559,29,14,3539,DPH,4,5520ff9a-2019-04-15T20:22:42Z-00016-000
560,29,1,21222,DPH,5,5ffcbbf3-2019-04-18T14:33:01Z-00005-000
561,29,3,43829,DirichletLM,1,9556d53a-2019-04-18T19:35:15Z-00000-000
562,29,5,13119,DirichletLM,2,2540d7ca-2019-04-18T19:27:56Z-00003-000
563,29,14,3539,DirichletLM,3,5520ff9a-2019-04-15T20:22:42Z-00016-000
564,29,6,14510,DirichletLM,4,ea6e1c46-2019-04-18T18:28:24Z-00006-000
565,29,4,40069,DirichletLM,5,aa1e977a-2019-04-18T19:56:22Z-00002-000
566,29,3,43829,TF_IDF,1,9556d53a-2019-04-18T19:35:15Z-00000-000
567,29,60,34949,TF_IDF,2,89e52114-2019-04-17T11:47:41Z-00064-000
568,29,5,13119,TF_IDF,3,2540d7ca-2019-04-18T19:27:56Z-00003-000
569,29,72,34949,TF_IDF,4,89e52114-2019-04-17T11:47:41Z-00076-000
570,29,75,34949,TF_IDF,5,89e52114-2019-04-17T11:47:41Z-00079-000
571,30,1,33687,BM25F,1,1420e340-2019-04-18T13:12:04Z-00007-000
572,30,1,43727,BM25F,2,157796c-2019-04-18T13:44:25Z-00007-000
573,30,1,15397,BM25F,3,255646d7-2019-04-18T19:49:20Z-00005-000
574,30,21,19148,BM25F,4,None
575,30,20,19148,BM25F,5,None
576,30,7,44173,DPH,1,6a304d9c-2019-04-18T16:59:34Z-00004-000
577,30,1,8865,DPH,2,6702bd00-2019-04-18T17:57:26Z-00007-000
578,30,10,12801,DPH,3,f9097cbd-2019-04-15T20:24:10Z-00009-000
579,30,1,29931,DPH,4,556a5a0e-2019-04-18T13:53:42Z-00001-000
580,30,5,11158,DPH,5,b893461e-2019-04-18T15:07:31Z-00001-000
581,30,1,8865,DirichletLM,1,6702bd00-2019-04-18T17:57:26Z-00007-000
582,30,10,12801,DirichletLM,2,f9097cbd-2019-04-15T20:24:10Z-00009-000
583,30,1,29931,DirichletLM,3,556a5a0e-2019-04-18T13:53:42Z-00001-000
584,30,7,44173,DirichletLM,4,6a304d9c-2019-04-18T16:59:34Z-00004-000
585,30,5,21308,DirichletLM,5,85c7af39-2019-04-18T12:54:07Z-00007-000
586,30,1,43990,TF_IDF,1,9f22a9d6-2019-04-18T15:33:37Z-00005-000
587,30,70,9560,TF_IDF,2,None
588,30,1,44173,TF_IDF,3,6a304d9c-2019-04-18T16:59:34Z-00007-000
589,30,1,6608,TF_IDF,4,None
590,30,50,9560,TF_IDF,5,None
591,31,10,19421,BM25F,1,17fefda-2019-04-18T13:20:44Z-00000-000
592,31,2,19421,BM25F,2,17fefda-2019-04-18T13:20:44Z-00007-000
593,31,9,19421,BM25F,3,17fefda-2019-04-18T13:20:44Z-00002-000
594,31,4,14436,BM25F,4,b235f67a-2019-04-18T15:13:16Z-00004-000
595,31,1,14436,BM25F,5,b235f67a-2019-04-18T15:13:16Z-00005-000
596,31,1,16493,DPH,1,b567d7db-2019-04-18T12:55:48Z-00005-000
597,31,1,6221,DPH,2,b567d75f-2019-04-18T12:56:12Z-00005-000
598,31,1,30430,DPH,3,b567d7db-2019-04-18T12:55:48Z-00005-000
599,31,7,34474,DirichletLM,1,797b35ea-2019-04-18T14:50:47Z-00002-000
600,31,1,26112,DirichletLM,2,5beb1ab2-2019-04-18T12:54:20Z-00005-000
601,31,36,22207,DirichletLM,3,None
602,31,4,14436,DirichletLM,4,b235f67a-2019-04-18T15:13:16Z-00004-000
603,31,1,30348,DirichletLM,5,b567d838-2019-04-18T12:55:37Z-00005-000
604,31,10,19421,TF_IDF,1,17fefda-2019-04-18T13:20:44Z-00000-000
605,31,1,6221,TF_IDF,2,b567d75f-2019-04-18T12:56:12Z-00005-000
606,31,2,19421,TF_IDF,3,17fefda-2019-04-18T13:20:44Z-00007-000
607,31,8,19421,TF_IDF,4,17fefda-2019-04-18T13:20:44Z-00004-000
608,31,3,19421,TF_IDF,5,17fefda-2019-04-18T13:20:44Z-00005-000
609,32,2,39756,BM25F,1,f34bcbed-2019-04-18T14:27:46Z-00001-000
610,32,2,43858,BM25F,2,689e8f9a-2019-04-18T14:08:42Z-00001-000
611,32,2,19413,BM25F,3,a8646f6a-2019-04-18T14:06:06Z-00001-000
612,32,4,11309,BM25F,4,762baa1e-2019-04-18T13:21:14Z-00003-000
613,32,3,42627,BM25F,5,2f9c8c00-2019-04-18T13:07:25Z-00001-000
614,32,6,33560,DPH,1,b91d4292-2019-04-18T13:39:18Z-00008-000
615,32,2,20799,DPH,2,89aaccc9-2019-04-18T14:32:40Z-00005-000
616,32,3,39756,DPH,3,f34bcbed-2019-04-18T14:27:46Z-00000-000
617,32,5,39756,DPH,4,f34bcbed-2019-04-18T14:27:46Z-00000-000
618,32,2,41652,DPH,5,31bd8ba3-2019-04-18T12:58:02Z-00000-000
619,32,6,33560,DirichletLM,1,b91d4292-2019-04-18T13:39:18Z-00008-000
620,32,2,20799,DirichletLM,2,89aaccc9-2019-04-18T14:32:40Z-00005-000
621,32,2,41652,DirichletLM,3,31bd8ba3-2019-04-18T12:58:02Z-00000-000
622,32,3,39756,DirichletLM,4,f34bcbed-2019-04-18T14:27:46Z-00000-000
623,32,5,39756,DirichletLM,5,f34bcbed-2019-04-18T14:27:46Z-00000-000
624,32,6,33560,TF_IDF,1,b91d4292-2019-04-18T13:39:18Z-00008-000
625,32,3,42627,TF_IDF,2,2f9c8c00-2019-04-18T13:07:25Z-00001-000
626,32,4,43436,TF_IDF,3,c620c250-2019-04-18T13:13:59Z-00005-000
627,32,6,42627,TF_IDF,4,2f9c8c00-2019-04-18T13:07:25Z-00001-000
628,32,2,43858,TF_IDF,5,689e8f9a-2019-04-18T14:08:42Z-00001-000
629,33,1,31601,BM25F,1,6334dfa0-2019-04-18T16:32:19Z-00003-000
630,33,2,34176,BM25F,2,None
631,33,5,34176,BM25F,3,3395c96c-2019-04-18T15:25:48Z-00001-000
632,33,5,30335,BM25F,4,63356ea3-2019-04-18T13:22:32Z-00005-000
633,33,5,31137,BM25F,5,633571aa-2019-04-18T13:14:08Z-00000-000
634,33,4,34176,DPH,1,3395c96c-2019-04-18T15:25:48Z-00002-000
635,33,5,34176,DPH,2,3395c96c-2019-04-18T15:25:48Z-00001-000
636,33,2,34176,DPH,3,None
637,33,4,31294,DPH,4,b0e4b003-2019-04-18T14:15:43Z-00004-000
638,33,4,15398,DPH,5,ea2e1abf-2019-04-18T18:45:35Z-00001-000
639,33,4,34176,DirichletLM,1,3395c96c-2019-04-18T15:25:48Z-00002-000
640,33,5,34176,DirichletLM,2,3395c96c-2019-04-18T15:25:48Z-00001-000
641,33,2,34176,DirichletLM,3,None
642,33,4,31294,DirichletLM,4,b0e4b003-2019-04-18T14:15:43Z-00004-000
643,33,6,2021,DirichletLM,5,6065748e-2019-04-18T18:38:21Z-00000-000
644,33,5,34176,TF_IDF,1,3395c96c-2019-04-18T15:25:48Z-00001-000
645,33,1,31601,TF_IDF,2,6334dfa0-2019-04-18T16:32:19Z-00003-000
646,33,1,9587,TF_IDF,3,ea2e9e22-2019-04-18T16:28:43Z-00005-000
647,33,2,34176,TF_IDF,4,None
648,33,1,30892,TF_IDF,5,48d1e746-2019-04-18T14:56:42Z-00003-000
649,34,5,26338,BM25F,1,9f71c585-2019-04-18T19:02:47Z-00007-000
650,34,6,43487,BM25F,2,cea53ba4-2019-04-18T14:44:38Z-00004-000
651,34,5,11317,BM25F,3,173e9f20-2019-04-18T13:26:12Z-00001-000
652,34,2,11317,BM25F,4,173e9f20-2019-04-18T13:26:12Z-00001-000
653,34,1,11317,BM25F,5,173e9f20-2019-04-18T13:26:12Z-00003-000
654,34,6,43487,DPH,1,cea53ba4-2019-04-18T14:44:38Z-00004-000
655,34,5,17668,DPH,2,81901837-2019-04-18T17:55:43Z-00001-000
656,34,5,11970,DPH,3,7e60a5d4-2019-04-18T15:49:08Z-00003-000
657,34,6,28969,DPH,4,f351687c-2019-04-18T12:56:52Z-00004-000
658,34,1,2270,DPH,5,8906c1ae-2019-04-18T16:24:58Z-00008-000
659,34,6,43487,DirichletLM,1,cea53ba4-2019-04-18T14:44:38Z-00004-000
660,34,5,11970,DirichletLM,2,7e60a5d4-2019-04-18T15:49:08Z-00003-000
661,34,5,17668,DirichletLM,3,81901837-2019-04-18T17:55:43Z-00001-000
662,34,6,28969,DirichletLM,4,f351687c-2019-04-18T12:56:52Z-00004-000
663,34,6,2270,DirichletLM,5,8906c1ae-2019-04-18T16:24:58Z-00009-000
664,34,1,43487,TF_IDF,1,cea53ba4-2019-04-18T14:44:38Z-00005-000
665,34,5,17668,TF_IDF,2,81901837-2019-04-18T17:55:43Z-00001-000
666,34,6,43487,TF_IDF,3,cea53ba4-2019-04-18T14:44:38Z-00004-000
667,34,4,11970,TF_IDF,4,7e60a5d4-2019-04-18T15:49:08Z-00005-000
668,34,5,11970,TF_IDF,5,7e60a5d4-2019-04-18T15:49:08Z-00003-000
669,35,1,35254,BM25F,1,4c5da6ef-2019-04-18T12:54:27Z-00005-000
670,35,6,8438,BM25F,2,489223eb-2019-04-18T13:09:06Z-00000-000
671,35,4,35254,BM25F,3,4c5da6ef-2019-04-18T12:54:27Z-00004-000
672,35,5,8438,BM25F,4,489223eb-2019-04-18T13:09:06Z-00002-000
673,35,2,24729,BM25F,5,ac5958c1-2019-04-18T15:34:27Z-00005-000
674,35,8,40153,DPH,1,3bd8c5e1-2019-04-18T13:10:51Z-00004-000
675,35,9,40153,DPH,2,3bd8c5e1-2019-04-18T13:10:51Z-00002-000
676,35,5,8438,DPH,3,489223eb-2019-04-18T13:09:06Z-00002-000
677,35,6,40153,DPH,4,3bd8c5e1-2019-04-18T13:10:51Z-00008-000
678,35,2,24729,DPH,5,ac5958c1-2019-04-18T15:34:27Z-00005-000
679,35,8,40153,DirichletLM,1,3bd8c5e1-2019-04-18T13:10:51Z-00004-000
680,35,9,40153,DirichletLM,2,3bd8c5e1-2019-04-18T13:10:51Z-00002-000
681,35,6,40153,DirichletLM,3,3bd8c5e1-2019-04-18T13:10:51Z-00008-000
682,35,5,8438,DirichletLM,4,489223eb-2019-04-18T13:09:06Z-00002-000
683,35,1,35254,DirichletLM,5,4c5da6ef-2019-04-18T12:54:27Z-00005-000
684,35,9,40153,TF_IDF,1,3bd8c5e1-2019-04-18T13:10:51Z-00002-000
685,35,8,40153,TF_IDF,2,3bd8c5e1-2019-04-18T13:10:51Z-00004-000
686,35,5,8438,TF_IDF,3,489223eb-2019-04-18T13:09:06Z-00002-000
687,35,6,40153,TF_IDF,4,3bd8c5e1-2019-04-18T13:10:51Z-00008-000
688,35,1,4121,TF_IDF,5,4c5da673-2019-04-18T12:58:49Z-00002-000
689,36,1,33830,BM25F,1,c183b9ff-2019-04-18T12:53:55Z-00005-000
690,36,3,33830,BM25F,2,c183b9ff-2019-04-18T12:53:55Z-00001-000
691,36,5,33830,BM25F,3,c183b9ff-2019-04-18T12:53:55Z-00002-000
692,36,2,22810,BM25F,4,f5aaf1ba-2019-04-18T14:44:51Z-00005-000
693,36,13,26686,BM25F,5,None
694,36,1,33830,DPH,1,c183b9ff-2019-04-18T12:53:55Z-00005-000
695,36,7,41465,DPH,2,5779be30-2019-04-18T13:27:20Z-00000-000
696,36,3,41465,DPH,3,5779be30-2019-04-18T13:27:20Z-00000-000
697,36,3,33830,DPH,4,c183b9ff-2019-04-18T12:53:55Z-00001-000
698,36,4,4574,DPH,5,f634c3eb-2019-04-18T13:21:54Z-00002-000
699,36,4,4574,DirichletLM,1,f634c3eb-2019-04-18T13:21:54Z-00002-000
700,36,1,33830,DirichletLM,2,c183b9ff-2019-04-18T12:53:55Z-00005-000
701,36,7,41465,DirichletLM,3,5779be30-2019-04-18T13:27:20Z-00000-000
702,36,3,41465,DirichletLM,4,5779be30-2019-04-18T13:27:20Z-00000-000
703,36,3,33830,DirichletLM,5,c183b9ff-2019-04-18T12:53:55Z-00001-000
704,36,1,33830,TF_IDF,1,c183b9ff-2019-04-18T12:53:55Z-00005-000
705,36,7,41465,TF_IDF,2,5779be30-2019-04-18T13:27:20Z-00000-000
706,36,2,33830,TF_IDF,3,c183b9ff-2019-04-18T12:53:55Z-00003-000
707,36,3,41465,TF_IDF,4,5779be30-2019-04-18T13:27:20Z-00000-000
708,36,1,41465,TF_IDF,5,5779be30-2019-04-18T13:27:20Z-00004-000
709,37,1,17355,BM25F,1,6231a821-2019-04-18T17:03:32Z-00006-000
710,37,1,8628,BM25F,2,d9e09240-2019-04-18T19:13:37Z-00007-000
711,37,5,32662,BM25F,3,90bdd4aa-2019-04-18T18:38:03Z-00006-000
712,37,7,23885,BM25F,4,86fca776-2019-04-18T16:43:10Z-00007-000
713,37,1,32662,BM25F,5,90bdd4aa-2019-04-18T18:38:03Z-00007-000
714,37,1,22687,DPH,1,946d6366-2019-04-18T17:25:13Z-00003-000
715,37,9,32236,DPH,2,575d7a7e-2019-04-18T16:34:27Z-00001-000
716,37,1,32824,DPH,3,dff8f1b4-2019-04-18T19:05:14Z-00005-000
717,37,6,32662,DPH,4,90bdd4aa-2019-04-18T18:38:03Z-00004-000
718,37,1,8628,DPH,5,d9e09240-2019-04-18T19:13:37Z-00007-000
719,37,1,22687,DirichletLM,1,946d6366-2019-04-18T17:25:13Z-00003-000
720,37,9,32236,DirichletLM,2,575d7a7e-2019-04-18T16:34:27Z-00001-000
721,37,1,8628,DirichletLM,3,d9e09240-2019-04-18T19:13:37Z-00007-000
722,37,1,32824,DirichletLM,4,dff8f1b4-2019-04-18T19:05:14Z-00005-000
723,37,1,13538,DirichletLM,5,7c8b175c-2019-04-18T15:27:03Z-00005-000
724,37,1,22687,TF_IDF,1,946d6366-2019-04-18T17:25:13Z-00003-000
725,37,63,27905,TF_IDF,2,e5ccda7-2019-04-17T11:47:44Z-00062-000
726,37,1,21177,TF_IDF,3,86fcab18-2019-04-18T15:32:38Z-00005-000
727,37,47,27905,TF_IDF,4,e5ccda7-2019-04-17T11:47:44Z-00046-000
728,37,1,15665,TF_IDF,5,59d20097-2019-04-18T15:00:04Z-00003-000
729,38,1,7026,BM25F,1,12fb1301-2019-04-18T18:48:52Z-00002-000
730,38,27,27258,BM25F,2,31f5da82-2019-04-17T11:47:27Z-00026-000
731,38,31,27258,BM25F,3,31f5da82-2019-04-17T11:47:27Z-00030-000
732,38,53,27258,BM25F,4,31f5da82-2019-04-17T11:47:27Z-00021-000
733,38,21,27258,BM25F,5,31f5da82-2019-04-17T11:47:27Z-00020-000
734,38,8,8542,DPH,1,cd8abfbd-2019-04-18T17:04:37Z-00003-000
735,38,7,8542,DPH,2,cd8abfbd-2019-04-18T17:04:37Z-00005-000
736,38,6,8542,DPH,3,cd8abfbd-2019-04-18T17:04:37Z-00007-000
737,38,9,8542,DPH,4,cd8abfdc-2019-04-18T17:04:45Z-00003-000
738,38,4,30322,DPH,5,341863b5-2019-04-18T13:52:10Z-00002-000
739,38,8,8542,DirichletLM,1,cd8abfbd-2019-04-18T17:04:37Z-00003-000
740,38,7,8542,DirichletLM,2,cd8abfbd-2019-04-18T17:04:37Z-00005-000
741,38,6,8542,DirichletLM,3,cd8abfbd-2019-04-18T17:04:37Z-00007-000
742,38,9,8542,DirichletLM,4,cd8abfdc-2019-04-18T17:04:45Z-00003-000
743,38,3,6793,DirichletLM,5,a6458ad5-2019-04-18T14:29:07Z-00003-000
744,38,7,8542,TF_IDF,1,cd8abfbd-2019-04-18T17:04:37Z-00005-000
745,38,6,8542,TF_IDF,2,cd8abfbd-2019-04-18T17:04:37Z-00007-000
746,38,8,8542,TF_IDF,3,cd8abfbd-2019-04-18T17:04:37Z-00003-000
747,38,8,3882,TF_IDF,4,af83a7e2-2019-04-19T12:44:04Z-00007-000
748,38,1,7026,TF_IDF,5,12fb1301-2019-04-18T18:48:52Z-00002-000
749,39,32,32262,BM25F,1,16666c34-2019-04-19T12:45:14Z-00031-000
750,39,47,32262,BM25F,2,16666c34-2019-04-19T12:45:14Z-00046-000
751,39,46,32262,BM25F,3,16666c34-2019-04-19T12:45:14Z-00045-000
752,39,44,32262,BM25F,4,16666c34-2019-04-19T12:45:14Z-00043-000
753,39,20,44232,BM25F,5,3b867dfe-2019-04-15T20:22:42Z-00019-000
754,39,1,29759,DPH,1,d98e8ed9-2019-04-18T19:01:11Z-00003-000
755,39,12,13010,DPH,2,None
756,39,11,17793,DPH,3,None
757,39,15,8157,DPH,4,70b2b740-2019-04-15T20:22:42Z-00017-000
758,39,11,840,DPH,5,c41d90c8-2019-04-19T12:47:40Z-00010-000
759,39,1,29759,DirichletLM,1,d98e8ed9-2019-04-18T19:01:11Z-00003-000
760,39,11,17793,DirichletLM,2,None
761,39,11,840,DirichletLM,3,c41d90c8-2019-04-19T12:47:40Z-00010-000
762,39,12,13010,DirichletLM,4,None
763,39,16,3922,DirichletLM,5,7729e8b4-2019-04-19T12:45:07Z-00015-000
764,39,10,3762,TF_IDF,1,None
765,39,26,14437,TF_IDF,2,4ad44663-2019-04-15T20:24:48Z-00025-000
766,39,1,29759,TF_IDF,3,d98e8ed9-2019-04-18T19:01:11Z-00003-000
767,39,3,43472,TF_IDF,4,3e538b22-2019-04-18T15:10:30Z-00001-000
768,39,47,32262,TF_IDF,5,16666c34-2019-04-19T12:45:14Z-00046-000
769,40,1,14826,BM25F,1,480d5f00-2019-04-18T17:09:34Z-00003-000
770,40,3,14826,BM25F,2,480d5f00-2019-04-18T17:09:34Z-00002-000
771,40,1,40306,BM25F,3,c6c31c36-2019-04-18T15:19:47Z-00003-000
772,40,3,40306,BM25F,4,c6c31c36-2019-04-18T15:19:47Z-00002-000
773,40,7,30258,BM25F,5,None
774,40,12,38422,DPH,1,869af6cc-2019-04-19T12:47:53Z-00011-000
775,40,3,40306,DPH,2,c6c31c36-2019-04-18T15:19:47Z-00002-000
776,40,13,38422,DPH,3,869af6cc-2019-04-19T12:47:53Z-00012-000
777,40,9,17396,DPH,4,3b73d45e-2019-04-19T12:44:32Z-00008-000
778,40,4,8010,DPH,5,None
779,40,3,40306,DirichletLM,1,c6c31c36-2019-04-18T15:19:47Z-00002-000
780,40,2,8010,DirichletLM,2,None
781,40,4,8010,DirichletLM,3,None
782,40,12,38422,DirichletLM,4,869af6cc-2019-04-19T12:47:53Z-00011-000
783,40,13,38422,DirichletLM,5,869af6cc-2019-04-19T12:47:53Z-00012-000
784,40,7,30258,TF_IDF,1,None
785,40,4,30258,TF_IDF,2,None
786,40,2,17396,TF_IDF,3,3b73d45e-2019-04-19T12:44:32Z-00001-000
787,40,2,12895,TF_IDF,4,None
788,40,8,30258,TF_IDF,5,None
789,2,1,30430,DPH,4,b567d7db-2019-04-18T12:55:48Z-00005-000
790,2,1,30430,DPH,5,b567d7db-2019-04-18T12:55:48Z-00005-000
791,23,1,1364,TF_IDF,3,c1373988-2019-04-18T13:27:24Z-00004-000
792,24,1,6623,TF_IDF,5,None
793,31,1,30430,DPH,4,b567d7db-2019-04-18T12:55:48Z-00005-000
794,31,1,30430,DPH,5,b567d7db-2019-04-18T12:55:48Z-00005-000
